<application>
  <component name="PyUserTypeRenderersSettings">
    <RENDERER>
      <option name="name" value="list renderer" />
      <option name="isEnabled" value="true" />
      <option name="toType" value="builtins.list" />
      <option name="typeCanonicalImportPath" value="builtins.list" />
      <option name="typeQualifiedName" value="list" />
      <option name="typeSourceFile" value="$APPLICATION_HOME_DIR$/plugins/python-ce/helpers/typeshed/stdlib/builtins.pyi" />
      <VALUE_RENDERER>
        <option name="isDefault" value="true" />
        <option name="expression" value="" />
      </VALUE_RENDERER>
      <CHILDREN_RENDERER>
        <option name="isDefault" value="true" />
        <option name="appendDefaultChildren" value="false" />
      </CHILDREN_RENDERER>
    </RENDERER>
  </component>
</application>