<profile version="1.0">
  <option name="myName" value="Default" />
  <inspection_tool class="PyPackageRequirementsInspection" enabled="true" level="WARNING" enabled_by_default="true">
    <option name="ignoredPackages">
      <value>
        <list size="22">
          <item index="0" class="java.lang.String" itemvalue="cramjam" />
          <item index="1" class="java.lang.String" itemvalue="pymongo" />
          <item index="2" class="java.lang.String" itemvalue="opencv-python" />
          <item index="3" class="java.lang.String" itemvalue="psycopg2" />
          <item index="4" class="java.lang.String" itemvalue="kiwisolver" />
          <item index="5" class="java.lang.String" itemvalue="wordcloud" />
          <item index="6" class="java.lang.String" itemvalue="packaging" />
          <item index="7" class="java.lang.String" itemvalue="cycler" />
          <item index="8" class="java.lang.String" itemvalue="numpy" />
          <item index="9" class="java.lang.String" itemvalue="fastparquet" />
          <item index="10" class="java.lang.String" itemvalue="psutil" />
          <item index="11" class="java.lang.String" itemvalue="fsspec" />
          <item index="12" class="java.lang.String" itemvalue="pandas" />
          <item index="13" class="java.lang.String" itemvalue="fonttools" />
          <item index="14" class="java.lang.String" itemvalue="imageio" />
          <item index="15" class="java.lang.String" itemvalue="matplotlib" />
          <item index="16" class="java.lang.String" itemvalue="pytz" />
          <item index="17" class="java.lang.String" itemvalue="pyparsing" />
          <item index="18" class="java.lang.String" itemvalue="Pillow" />
          <item index="19" class="java.lang.String" itemvalue="pywin32" />
          <item index="20" class="java.lang.String" itemvalue="sphinx" />
          <item index="21" class="java.lang.String" itemvalue="boto3" />
        </list>
      </value>
    </option>
  </inspection_tool>
</profile>